problem,solution,cluster,category,score,Radical Innovation,Potential for Transformative Impact,Scalability and Global Reach,Feasibility in the Foreseeable Future,rank
"Specific raw materials must be provided in order to produce high-quality interlocking stone, which helps in the process of selling it and achieving the desired returns from that. These materials are (sand and cement, lime powder, regular powder, gravel, iron oxide powder for coloring, water).
These materials are not environmentally friendly and negatively affect health and the environment.","In light of working under the framework of the sustainable development goals, we are working to achieve the goal of zero waste by maximizing the economic benefit from plastic waste because of its positive environmental and social impact. We are working to achieve the goal of zero waste through our innovative project, recycling single-use plastic waste and converting it into interlocking tiles.",5,Construction and digital platform impact,35,8,9,9,9,2
"Given the fast fashion industry's rampant waste production, businesses need a model to monetize waste fabric and items while contributing less to the growing environmental impact of fashion waste.  ","Introducing a 'fashion waste exchange' program. This program allows businesses to collect textile waste and use them in a circular economy system significantly reducing the clothes' impact on landfills and waste generation. The fabric and fashion items that consumers no longer want or need are collected, categorized, and sorted. This material is sold to fashion designers, fabric retailers, and arts and crafts stores at a reduced price.  For clothes still wearable but discarded due to fashion preference or size issues, they can be resold in a fashion thrift section within the store. Think of this as a hybrid between a thrift store and a department store. In this way, the lifecycle of the fashion item is extended, and profits are maximized.  Also, the unusable fabrics or worn-out clothes can be recycled into new threads. These threads can be sold or used by the company to create new, recycled clothes, thus creating a true circular economy within the fashion industry. The profits from these sales, alongside the cost savings from reduced fabric manufacturing, will be significant.  Innovative technology can be used to categorize and sort the clothes, reducing overhead costs and allowing sustainability. With growing concerns over environmental impact, the model will easily be accepted by the target market and will have significant growth and scalability potential.   In summary, this model embraces the principles of sharing, reusing, refurbishing and recycling to extend product life and minimize waste, aligning with the premise of a circular economy. It has the potential to revolutionize the fast fashion industry, making it more sustainable and profitable.",3,fashion industry pollution,37,9,9,10,9,1
"The fashion industry remains a significant contributor to environmental pollution through fabric waste. There's a need for cost-effective, scalable, environmentally conscious solutions that utilize the excess fabric created by fashion and textile industries.  ","I propose the establishment of a Fabric Marketplace Network (FMN). This platform will not only allow companies to lease their excess fabrics but also buy, sell, and trade them, enhancing the financial impact by offering more avenues for generating profit. FMN would also leverage blockchain technology to track and guarantee the sustainability of the materials, increasing its environmental impact. Its digital nature allows the possibility of global access, enhancing feasibility, and scalability.   Through partnership with recycling firms, fabric remnants left over from the leasing or trade can be retrieved and turned into new materials, ensuring a closed-loop system. What's more, the platform could act as a hub for innovative fabric recycling technologies, connecting tech startups with textile manufacturers and accelerating the development of more environmentally and economically efficient textile recycling methods. FMN thus becomes a full-fledged circular economy solution in textiles, by reducing waste, generating income, and enabling sustainable innovation within the industry.",3,fashion industry pollution,37,9,10,9,9,1
"The presence of a throwaway culture, particularly as seen in the fashion industry, leads to inadequate use of clothing, creating a significant environmental impact, and the current solutions do not propose innovative ways of reusing these resources.  ","A revolutionary option focusing on enhancing novelty and addressing the above issues could be 'Fashion DNA', a platform providing users with sustainably made, personalized, modular clothing.  Fashion DNA uses advanced AI algorithms to understand users' style preferences, body metrics, and color choices. With this data, it collaboratively designs pieces with its users, made from recycled or sustainably sourced materials. The unique aspect is each clothing item's modularity â elements such as collars, sleeve lengths, and hems could be switched out, giving the item an entirely new look, while other parts of the garments (like the body) remain the same.  Moreover, the platform will offer a return service where users, after an extended period of usage, can return pieces to be turned into new items, thus rejuvenating the product lifecycle.  This unique 'DNA-based' approach to fashion not only facilitates a personalized and novel experience but equally importantly, emphasizes the importance of durability, leading to significant environmental benefits. It creates a business model that generates revenue via sales and services, including modification and return services. While the idea and technology involved may make initial setup challenging, the possibility of scalability is extensive, potentially disrupting the fast fashion industry.",2,fashion industry pollution,36,9,9,9,9,2
"The probIem that this soIution aims to soIve is the unsustainabIe and wastefuI nature of the current Iinear """"take-make-dispose"""" modeI of the gIobaI economy. This modeI Ieads to excessive resource consumption and waste, and is not sustainabIe in the Iong-term. Companies are recognizing the need for a more circuIar economy, where resources are kept in use for as Iong as possibIe and waste is minimized. However, the transition to a circuIar economy is hindered by the compIexity of existing suppIy chain systems and the Iack of standardization in measuring circuIarity. 

CircuIar Hub provides a comprehensive framework for companies to assess and optimize their suppIy chain systems for circuIarity. The pIatform provides companies with tooIs and resources to track and measure their circuIarity, reducing waste, increasing resource efficiency, and creating new revenue streams through the reuse of products and materiaIs. The """"CircuIar Product Passport"""" tracks a product's IifecycIe, providing transparency and enabIing circuIarity by connecting the different actors in the suppIy chain and encouraging coIIaboration and innovation. By overcoming these barriers to transition to a circuIar economy, companies can create a more sustainabIe future whiIe aIso achieving financiaI success.","CircuIar Hub is a pIatform that heIps companies transition to a circuIar economy. It provides a comprehensive framework and tooIs for companies to assess and optimize their suppIy chain systems for circuIarity. The pIatform incIudes a """"CircuIar Product Passport"""" that tracks a product's IifecycIe and provides transparency to the different actors in the suppIy chain. By using this soIution, companies can reduce waste, increase resource efficiency, and create new revenue streams through the reuse of products and materiaIs. The soIution encourages coIIaboration and innovation within the suppIy chain, heIping to overcome the barriers to transitioning to a circuIar economy and creating a more sustainabIe future.",0,Construction and digital platform impact,36,9,9,9,9,1
"The rapid increase in electronic waste (e-waste) is a significant challenge. As our world becomes increasingly digital, the life cycles of electronics have become shorter. This, accompanied by a lack of suitable recycling infrastructure and systems, leads to massive e-waste accumulation contributing to environmental pollution.  ","The proposed solution is an 'E-Waste Recycling Exchange Platform'. This platform aims to connect electronics manufacturers, consumers, and certified e-waste recyclers in a transparent blockchain system. Here's how it works:  1. Manufacturers register their electronics (like smartphones, laptops, TVs, etc.) on the platform with a unique QR code detailing the product's components.     2. Consumers, upon buying the electronics, become a part of the platform and are educated about the waste potential of their products along with the importance of recycling.  3. When the electronic item reaches its end-of-life or if the consumer wants to upgrade to a newer model, they can scan the QR code and return it to any recyclers registered on the platform. The platform provides information about the nearest recycler and also enables pickup facilities.     4. The recyclers provide a value for the e-waste based on the existing market rates for components and materials. This redemption value is credited to the consumer's account on the platform, motivating them to recycle properly.   5. Manufacturers, in turn, can buy back the discarded materials/components at a competitive price which is less than extracting new virgin materials, promoting a closed-loop supply chain.  6. The use of blockchain technology ensures traceability, transparency, and trust among all parties involved.  7. The platform also utilizes gamification methods to reward active recyclers with badges or extra credits, further incentivizing the e-waste recycling process.  This solution is not only environmentally beneficial by reducing e-waste and related pollution but also potentially profitable for electronics businesses as it decreases their raw material procurement costs. Included in this innovative approach is the chance to promote brand loyalty as customers feel involved in the process and appreciate companies' environmental sensitivity. The platform's scalability is significant given the increasing use of electronics globally and the universal need for efficient e-waste recycling systems. The feasibility, while challenging, can be achieved through global collaborations, regulations supporting e-waste recycling, and increased environmental consciousness among consumers.",4,Electronic waste and resources utilization,37,10,10,9,8,1
"Lack of resource efficiency, waste management and sustainable development are perpetuating poverty in developing countries like Pakistan. This deprives people of access to resources, job opportunities, and a healthy environment, needing a unique approach rooted in the circular economy.  ","To tackle this, I propose a Three-Pillar Circular Economy System - Pillar 1: 'Green Political Competition,' Pillar 2: 'Green Business Competition,' and Pillar 3: 'Community-Based Eco Restoration.'  Pillar 1 envisions a socio-political circular economy system, making sustainable visions an electoral agenda. Political parties will compete for the best, most innovative, and effective strategies to transition toward circular economies, moving from awareness-raising to actionable pledges.  Pillar 2 focuses on creating competitive incentives for businesses to engage in green practices, like efficient waste disposal and ecosystem rehabilitation. Such initiatives will not only aim to reduce pollution but also innovate competitive tactics based on eco-friendly practices. This will cultivate a 'Green Business Culture,' encouraging companies to exceed compliance, enhance corporate reputation and strengthen customer loyalty.  Pillar 3 emphasizes community-based eco-restoration, where citizens rehabilitate ecosystems such as rivers and lakes to restore biodiversity. This will involve creating marketplaces for the waste produced from their efforts, transforming it into valuable products like furniture, stimulating local economies and job creation.  This ecosystem-centric circular economy implementation will be innovative, encouraging broad stakeholder participation while solving the problem of poverty in a sustainable manner.",0,others,33,9,8,8,8,1
"This is related to ocean garbage, with this there are various kind of problem increase day by day . Moreover , fatal diseases such as cancer and etc have harmful impact on human's physical health as well as mental health .",This will helpful to solve the problem which is related to ocean garbage and it also helpful to produce more and earn more . With assist of sea waste we can produce new and eco friendly product which is useful for survive over there and it also enhance the quality of life .,1,plastic waste and usage,31,8,7,8,8,1
"The global economy uses almost 93 billion tonnes of raw materials annually, including metals,
biomass, minerals, and fossil fuels and Just 9% of these are repurposed. There are 2.5 billion tons
of rubbish produced annually in the European Union alone","The proper disassembly of equipment that is no longer in excellent operating
order and the recovery of valuable components for recycling or reuse will assist close the loop. To make sure to get more out of their equipment portfolios both economically and environmentally by utilizing high-quality equipment programs that attempt to repair products in the first instance and keep items in circulation rather than disposing and replacing them with new ones.",5,Electronic waste and resources utilization,33,9,8,8,8,2
"The fashion industry's environmental footprint is immense, causing waste generation and environmental degradation. However, solutions like fashion rental and resell models have limitations, such as cost-effectiveness and complete circularity, which need to be addressed.  ","Our proposal is a """"Circular Fashion Platform for Local Communities"""". This idea takes inspiration from the solution of fashion rental and resell but adds the element of locale to it. In this model, a business would set up regional hubs that serve local communities. Customers could rent, return and buy recycled clothes at these hubs.   To enhance financial impact, we propose that these regional hubs also provide paid jobs to people in the community. They could undertake roles such as clothes sorting, cleaning, repairing, and managing the platform. This way, businesses won't only earn through rentals and sales but also contribute positively to local economies by creating jobs.  Moreover, the community-centric model would reduce transportation costs and carbon footprint as clothes circulation would mostly happen within the local region. Last but not least, the possibility of engaging community members can improve the feasibility and scalability of this model, as it harnesses the power of local networks for more efficient management and promotion of the hub.",3,fashion industry pollution,34,8,9,9,8,3
